multiverse_id,mtgo_id,set,collector_number,Rarity,Name,Mana Cost,Converted Mana Cost,Type Line,artist,USD Price,USD Foil Price,eur_price,tix_price,image_uri,scryfall_uri
413599,60641,EMA,57,M,"Jace, the Mind Sculptor",{2}{U}{U},4.0,Planeswalker,Jason Chan,113.77,170.52,91.76,53.74,https://img.scryfall.com/cards/large/en/ema/57.jpg?1519048180,https://scryfall.com/card/ema/57/jace-the-mind-sculptor
426069,63197,MM3,244,R,Scalding Tarn,"",0.0,Land,Philip Straub,93.22,124.15,73.78,17.94,https://img.scryfall.com/cards/large/en/mm3/244.jpg?1535416220,https://scryfall.com/card/mm3/244/scalding-tarn
397719,57258,MM2,223,M,Mox Opal,{0},0.0,Artifact,Volkan Baǵa,88.73,107.41,68.23,37.72,https://img.scryfall.com/cards/large/en/mm2/223.jpg?1517813031,https://scryfall.com/card/mm2/223/mox-opal
425901,63283,MM3,76,M,Liliana of the Veil,{1}{B}{B},3.0,Planeswalker,Steve Argyle,74.88,121.75,64.04,39.61,https://img.scryfall.com/cards/large/en/mm3/76.jpg?1517813031,https://scryfall.com/card/mm3/76/liliana-of-the-veil
193400,34704,ZEN,229,R,Verdant Catacombs,"",0.0,Land,Vance Kovacs,71.74,135.09,40.09,10.18,https://img.scryfall.com/cards/large/en/zen/229.jpg?1517813031,https://scryfall.com/card/zen/229/verdant-catacombs
391948,55364,FRF,1,M,"Ugin, the Spirit Dragon",{8},8.0,Planeswalker,Raymond Swanland,69.31,155.27,54.52,0.35,https://img.scryfall.com/cards/large/en/frf/1.jpg?1517813031,https://scryfall.com/card/frf/1/ugin-the-spirit-dragon
370413,48864,MMA,75,M,Dark Confidant,{1}{B},2.0,Creature,Scott M. Fischer,69.15,81.14,43.71,7.69,https://img.scryfall.com/cards/large/en/mma/75.jpg?1517813031,https://scryfall.com/card/mma/75/dark-confidant
426065,63199,MM3,240,R,Misty Rainforest,"",0.0,Land,Shelly Wan,68.55,90.02,42.47,10.62,https://img.scryfall.com/cards/large/en/mm3/240.jpg?1546109249,https://scryfall.com/card/mm3/240/misty-rainforest
221563,39587,MBS,99,M,Blightsteel Colossus,{12},12.0,Creature,Chris Rahn,62.85,144.08,34.62,1.21,https://img.scryfall.com/cards/large/en/mbs/99.jpg?1517813031,https://scryfall.com/card/mbs/99/blightsteel-colossus
438806,66359,IMA,240,R,Horizon Canopy,"",0.0,Land,Noah Bradley,61.67,76.18,47.35,29.44,https://img.scryfall.com/cards/large/en/ima/240.jpg?1530592713,https://scryfall.com/card/ima/240/horizon-canopy
278058,44245,AVR,226,R,Cavern of Souls,"",0.0,Land,Cliff Childs,60.86,166.6,50.89,14.93,https://img.scryfall.com/cards/large/en/avr/226.jpg?1517813031,https://scryfall.com/card/avr/226/cavern-of-souls
397828,57310,MM2,4,M,Karn Liberated,{7},7.0,Planeswalker,Jason Chan,60.26,82.36,50.14,30.55,https://img.scryfall.com/cards/large/en/mm2/4.jpg?1517813031,https://scryfall.com/card/mm2/4/karn-liberated
227676,42512,ISD,78,R,Snapcaster Mage,{1}{U},2.0,Creature,Volkan Baǵa,59.53,154.64,47.8,7.51,https://img.scryfall.com/cards/large/front/9/e/9e5b279e-4670-4a1e-87d0-3cab7e4f9e58.jpg?1545407587,https://scryfall.com/card/isd/78/snapcaster-mage
370411,48920,MMA,203,R,Chalice of the Void,{X}{X},0.0,Artifact,Mark Zug,55.49,65.0,34.62,27.6,https://img.scryfall.com/cards/large/en/mma/203.jpg?1517813031,https://scryfall.com/card/mma/203/chalice-of-the-void
140216,28463,LRW,259,R,Rings of Brighthearth,{3},3.0,Artifact,Howard Lyon,55.43,64.41,16.71,0.03,https://img.scryfall.com/cards/large/en/lrw/259.jpg?1517813031,https://scryfall.com/card/lrw/259/rings-of-brighthearth
136146,26850,FUT,158,R,Sliver Legion,{W}{U}{B}{R}{G},5.0,Creature,Ron Spears,54.97,124.16,23.27,0.04,https://img.scryfall.com/cards/large/en/fut/158.jpg?1517813031,https://scryfall.com/card/fut/158/sliver-legion
370387,48848,MMA,141,R,Doubling Season,{4}{G},5.0,Enchantment,Chuck Lukacs,53.87,62.59,30.37,0.82,https://img.scryfall.com/cards/large/en/mma/141.jpg?1517813031,https://scryfall.com/card/mma/141/doubling-season
46429,20535,DST,148,R,Sword of Fire and Ice,{3},3.0,Artifact,Mark Zug,50.73,82.24,23.51,1.67,https://img.scryfall.com/cards/large/en/dst/148.jpg?1517813031,https://scryfall.com/card/dst/148/sword-of-fire-and-ice
397706,57338,MM2,99,R,Surgical Extraction,{B/P},1.0,Instant,Steven Belledin,50.41,63.3,39.51,39.04,https://img.scryfall.com/cards/large/en/mm2/99.jpg?1517813031,https://scryfall.com/card/mm2/99/surgical-extraction
205013,37376,M11,101,R,Leyline of the Void,{2}{B}{B},4.0,Enchantment,Rob Alexander,45.68,96.66,28.21,10.0,https://img.scryfall.com/cards/large/en/m11/101.jpg?1517813031,https://scryfall.com/card/m11/101/leyline-of-the-void
414388,61152,EMN,93,M,"Liliana, the Last Hope",{1}{B}{B},3.0,Planeswalker,Anna Steinbauer,43.5,91.07,41.69,20.21,https://img.scryfall.com/cards/large/en/emn/93.jpg?1517813031,https://scryfall.com/card/emn/93/liliana-the-last-hope
456783,70447,UMA,187,M,Tarmogoyf,{1}{G},2.0,Creature,Filip Burburan,43.34,71.15,40.88,12.27,https://img.scryfall.com/cards/large/front/4/2/42e56220-81c3-4440-9f97-8616d630a8ee.jpg?1547517874,https://scryfall.com/card/uma/187/tarmogoyf
158901,30260,EVE,66,R,Bloom Tender,{1}{G},2.0,Creature,Chippy,42.57,134.04,19.37,0.24,https://img.scryfall.com/cards/large/en/eve/66.jpg?1517813031,https://scryfall.com/card/eve/66/bloom-tender
426054,63185,MM3,229,R,Arid Mesa,"",0.0,Land,Raymond Swanland,41.56,50.75,30.65,5.13,https://img.scryfall.com/cards/large/en/mm3/229.jpg?1535416221,https://scryfall.com/card/mm3/229/arid-mesa
15866,15496,7ED,294,R,Ensnaring Bridge,{3},3.0,Artifact,Ron Spencer,40.54,438.75,32.62,22.74,https://img.scryfall.com/cards/large/en/7ed/294.jpg?1517813031,https://scryfall.com/card/7ed/294/ensnaring-bridge
122094,25889,TSP,274,R,Gemstone Caverns,"",0.0,Land,Martina Pilcerova,40.5,92.14,17.73,4.58,https://img.scryfall.com/cards/large/en/tsp/274.jpg?1517813031,https://scryfall.com/card/tsp/274/gemstone-caverns
50162,20716,5DN,156,R,Staff of Domination,{3},3.0,Artifact,Ben Thompson,40.19,42.05,13.59,0.08,https://img.scryfall.com/cards/large/en/5dn/156.jpg?1517813031,https://scryfall.com/card/5dn/156/staff-of-domination
191371,34646,ZEN,219,R,Marsh Flats,"",0.0,Land,Izzy,39.33,60.9,26.4,4.01,https://img.scryfall.com/cards/large/en/zen/219.jpg?1517813031,https://scryfall.com/card/zen/219/marsh-flats
382200,,MD1,10,M,Sword of Feast and Famine,{3},3.0,Artifact,Chris Rahn,39.05,,24.4,,https://img.scryfall.com/cards/large/en/md1/10.jpg?1517813031,https://scryfall.com/card/md1/10/sword-of-feast-and-famine
370510,48872,MMA,198,R,Arcbound Ravager,{2},2.0,Creature,Kev Walker,39.02,65.97,25.27,3.72,https://img.scryfall.com/cards/large/en/mma/198.jpg?1517813031,https://scryfall.com/card/mma/198/arcbound-ravager
456770,70029,UMA,174,R,Noble Hierarch,{G},1.0,Creature,Mark Zug,37.67,47.94,31.93,10.34,https://img.scryfall.com/cards/large/front/f/f/ff782973-e33c-4edd-bbd7-5c8dc8d59554.jpg?1547517681,https://scryfall.com/card/uma/174/noble-hierarch
443095,67879,DOM,207,M,"Teferi, Hero of Dominaria",{3}{W}{U},5.0,Planeswalker,Chris Rallis,37.36,83.0,34.16,15.99,https://img.scryfall.com/cards/large/front/5/d/5d10b752-d9cb-419d-a5c4-d4ee1acb655e.jpg?1544189923,https://scryfall.com/card/dom/207/teferi-hero-of-dominaria
124451,24811,CSP,142,R,Thrumming Stone,{5},5.0,Artifact,Rob Alexander,36.36,89.99,16.12,0.32,https://img.scryfall.com/cards/large/en/csp/142.jpg?1517813031,https://scryfall.com/card/csp/142/thrumming-stone
442150,67236,A25,161,R,"Azusa, Lost but Seeking",{2}{G},3.0,Creature,Winona Nelson,36.13,47.5,24.77,1.6,https://img.scryfall.com/cards/large/en/a25/161.jpg?1521723945,https://scryfall.com/card/a25/161/azusa-lost-but-seeking
209401,38293,SOM,224,R,Blackcleave Cliffs,"",0.0,Land,Dave Kendall,36.03,94.13,23.09,1.19,https://img.scryfall.com/cards/large/en/som/224.jpg?1517813031,https://scryfall.com/card/som/224/blackcleave-cliffs
147425,29561,SHM,7,R,Greater Auramancy,{1}{W},2.0,Enchantment,Chuck Lukacs,35.57,66.71,17.55,0.71,https://img.scryfall.com/cards/large/en/shm/7.jpg?1517813031,https://scryfall.com/card/shm/7/greater-auramancy
397701,57054,MM2,71,M,Bitterblossom,{1}{B},2.0,Enchantment,Rebecca Guay,35.3,50.1,25.09,8.35,https://img.scryfall.com/cards/large/en/mm2/71.jpg?1517813031,https://scryfall.com/card/mm2/71/bitterblossom
402079,58301,BFZ,15,M,"Ulamog, the Ceaseless Hunger",{10},10.0,Creature,Michael Komarck,34.42,58.37,21.8,4.05,https://img.scryfall.com/cards/large/en/bfz/15.jpg?1517813031,https://scryfall.com/card/bfz/15/ulamog-the-ceaseless-hunger
185737,34542,ZEN,172,R,Oracle of Mul Daya,{3}{G},4.0,Creature,Vance Kovacs,34.14,77.29,18.43,0.26,https://img.scryfall.com/cards/large/en/zen/172.jpg?1517813031,https://scryfall.com/card/zen/172/oracle-of-mul-daya
370514,48840,MMA,197,R,Aether Vial,{1},1.0,Artifact,Karl Kopinski,33.79,43.57,24.91,10.18,https://img.scryfall.com/cards/large/en/mma/197.jpg?1517813031,https://scryfall.com/card/mma/197/aether-vial
425947,63323,MM3,122,M,Craterhoof Behemoth,{5}{G}{G}{G},8.0,Creature,Chris Rahn,33.72,41.23,26.34,3.82,https://img.scryfall.com/cards/large/en/mm3/122.jpg?1517813031,https://scryfall.com/card/mm3/122/craterhoof-behemoth
180607,32378,ARB,109,M,Sen Triplets,{2}{W}{U}{B},5.0,Creature,Greg Staples,33.37,71.54,15.68,0.22,https://img.scryfall.com/cards/large/en/arb/109.jpg?1517813031,https://scryfall.com/card/arb/109/sen-triplets
113543,25657,TSP,281,R,Vesuva,"",0.0,Land,Zoltan Boros & Gabor Szikszai,33.02,38.38,10.27,0.56,https://img.scryfall.com/cards/large/en/tsp/281.jpg?1517813031,https://scryfall.com/card/tsp/281/vesuva
152938,29132,MOR,12,R,Idyllic Tutor,{2}{W},3.0,Sorcery,Howard Lyon,32.62,52.46,13.06,0.48,https://img.scryfall.com/cards/large/en/mor/12.jpg?1517813031,https://scryfall.com/card/mor/12/idyllic-tutor
74509,22092,SOK,53,R,Sakashima the Impostor,{2}{U}{U},4.0,Creature,rk post,32.44,118.88,12.62,0.01,https://img.scryfall.com/cards/large/en/sok/53.jpg?1517813031,https://scryfall.com/card/sok/53/sakashima-the-impostor
146750,29497,SHM,122,R,Mana Reflection,{4}{G}{G},6.0,Enchantment,Terese Nielsen & Ron Spencer,31.95,83.57,13.39,0.08,https://img.scryfall.com/cards/large/en/shm/122.jpg?1517813031,https://scryfall.com/card/shm/122/mana-reflection
423836,62911,AER,169,M,Paradox Engine,{5},5.0,Artifact,Christine Choi,31.78,37.81,17.88,0.92,https://img.scryfall.com/cards/large/front/f/d/fd8ccd81-9e11-47fa-8e16-064c52c24506.jpg?1543700975,https://scryfall.com/card/aer/169/paradox-engine
147393,29535,SHM,237,R,Rhys the Redeemed,{G/W},1.0,Creature,Steve Prescott,31.71,54.99,9.88,0.11,https://img.scryfall.com/cards/large/en/shm/237.jpg?1517813031,https://scryfall.com/card/shm/237/rhys-the-redeemed
386495,54198,KTK,230,R,Bloodstained Mire,"",0.0,Land,Daarken,31.3,52.94,20.02,5.68,https://img.scryfall.com/cards/large/en/ktk/230.jpg?1535416228,https://scryfall.com/card/ktk/230/bloodstained-mire
425888,63097,MM3,63,R,Damnation,{2}{B}{B},4.0,Sorcery,Kev Walker,30.41,35.66,17.92,2.04,https://img.scryfall.com/cards/large/en/mm3/63.jpg?1517813031,https://scryfall.com/card/mm3/63/damnation
50527,20585,DST,130,R,Mycosynth Lattice,{6},6.0,Artifact,Anthony S. Waters,29.88,57.45,12.68,,https://img.scryfall.com/cards/large/en/dst/130.jpg?1517813031,https://scryfall.com/card/dst/130/mycosynth-lattice
239961,43823,AVR,6,M,"Avacyn, Angel of Hope",{5}{W}{W}{W},8.0,Creature,Jason Chan,29.15,37.52,15.4,0.81,https://img.scryfall.com/cards/large/en/avr/6.jpg?1517813031,https://scryfall.com/card/avr/6/avacyn-angel-of-hope
461024,71800,WAR,97,M,"Liliana, Dreadhorde General",{4}{B}{B},6.0,Planeswalker,Chris Rallis,29.08,54.99,13.14,11.37,https://img.scryfall.com/cards/large/front/d/7/d75ebba8-34ca-47a0-bf13-8318ad73b343.jpg?1555740717,https://scryfall.com/card/war/97/liliana-dreadhorde-general
191577,35633,WWK,121,R,Amulet of Vigor,{1},1.0,Artifact,Warren Mahy,28.98,44.64,14.9,2.43,https://img.scryfall.com/cards/large/en/wwk/121.jpg?1530592713,https://scryfall.com/card/wwk/121/amulet-of-vigor
113521,25627,TSP,115,R,Living End,"",0.0,Sorcery,Greg Staples,28.8,51.37,13.63,1.48,https://img.scryfall.com/cards/large/en/tsp/115.jpg?1517813031,https://scryfall.com/card/tsp/115/living-end
47453,20539,DST,149,R,Sword of Light and Shadow,{3},3.0,Artifact,Mark Zug,28.11,35.86,10.56,0.43,https://img.scryfall.com/cards/large/en/dst/149.jpg?1517813031,https://scryfall.com/card/dst/149/sword-of-light-and-shadow
386729,54200,KTK,249,R,Wooded Foothills,"",0.0,Land,Jonas De Ro,27.47,44.54,18.21,5.34,https://img.scryfall.com/cards/large/en/ktk/249.jpg?1546109282,https://scryfall.com/card/ktk/249/wooded-foothills
397668,57200,MM2,5,M,"Kozilek, Butcher of Truth",{10},10.0,Creature,Michael Komarck,27.42,35.07,15.89,1.97,https://img.scryfall.com/cards/large/en/mm2/5.jpg?1517813031,https://scryfall.com/card/mm2/5/kozilek-butcher-of-truth
447354,68597,M19,218,M,"Nicol Bolas, the Ravager // Nicol Bolas, the Arisen",{1}{U}{B}{R},4.0,Creature,Svetlin Velinov,27.16,52.6,15.91,3.09,https://img.scryfall.com/cards/large/en/m19/218a.jpg?1542329383,https://scryfall.com/card/m19/218/nicol-bolas-the-ravager-nicol-bolas-the-arisen
79179,21385,CHK,279,R,"Minamo, School at Water's Edge","",0.0,Land,Jeremy Jarvis,26.98,92.52,9.71,0.22,https://img.scryfall.com/cards/large/en/chk/279.jpg?1517813031,https://scryfall.com/card/chk/279/minamo-school-at-waters-edge
383412,53752,M15,215,M,The Chain Veil,{4},4.0,Artifact,Volkan Baǵa,26.66,56.86,17.17,0.57,https://img.scryfall.com/cards/large/en/m15/215.jpg?1517813031,https://scryfall.com/card/m15/215/the-chain-veil
389756,54881,C14,283,M,Wurmcoil Engine,{6},6.0,Creature,Raymond Swanland,26.49,,15.23,12.38,https://img.scryfall.com/cards/large/en/c14/283.jpg?1530679006,https://scryfall.com/card/c14/283/wurmcoil-engine
194979,33935,V09,15,M,Trinisphere,{3},3.0,Artifact,Tim Hildebrandt,,26.34,15.78,,https://img.scryfall.com/cards/large/en/v09/15.jpg?1517813031,https://scryfall.com/card/v09/15/trinisphere
383385,53756,M15,211,M,Sliver Hivelord,{W}{U}{B}{R}{G},5.0,Creature,Aleksi Briclot,26.33,43.2,12.77,1.36,https://img.scryfall.com/cards/large/en/m15/211.jpg?1517813031,https://scryfall.com/card/m15/211/sliver-hivelord
373556,50312,THS,135,M,"Purphoros, God of the Forge",{3}{R},4.0,Creature,Eric Deschamps,26.19,36.36,15.02,1.48,https://img.scryfall.com/cards/large/en/ths/135.jpg?1517813031,https://scryfall.com/card/ths/135/purphoros-god-of-the-forge
386627,54196,KTK,239,R,Polluted Delta,"",0.0,Land,Vincent Proce,26.07,51.46,16.03,6.27,https://img.scryfall.com/cards/large/en/ktk/239.jpg?1535416225,https://scryfall.com/card/ktk/239/polluted-delta
212249,38347,SOM,79,M,"Skithiryx, the Blight Dragon",{3}{B}{B},5.0,Creature,Chippy,25.99,73.55,14.5,0.25,https://img.scryfall.com/cards/large/en/som/79.jpg?1517813031,https://scryfall.com/card/som/79/skithiryx-the-blight-dragon
146729,29479,SHM,280,R,Sunken Ruins,"",0.0,Land,Warren Mahy,25.77,39.63,12.23,0.43,https://img.scryfall.com/cards/large/en/shm/280.jpg?1535415586,https://scryfall.com/card/shm/280/sunken-ruins
382398,,CNS,206,R,Vedalken Orrery,{4},4.0,Artifact,John Avon,25.72,41.11,12.32,,https://img.scryfall.com/cards/large/en/cns/206.jpg?1517813031,https://scryfall.com/card/cns/206/vedalken-orrery
380374,52106,JOU,146,M,"Athreos, God of Passage",{1}{W}{B},3.0,Creature,Ryan Barger,25.6,63.14,21.29,1.89,https://img.scryfall.com/cards/large/en/jou/146.jpg?1517813031,https://scryfall.com/card/jou/146/athreos-god-of-passage
153455,28777,LRW,268,R,Gilt-Leaf Palace,"",0.0,Land,Christopher Moeller,25.5,69.99,11.86,0.23,https://img.scryfall.com/cards/large/en/lrw/268.jpg?1517813031,https://scryfall.com/card/lrw/268/gilt-leaf-palace
425692,63020,AER,185,M,"Ajani, Valiant Protector",{4}{G}{W},6.0,Planeswalker,Anna Steinbauer,24.99,2.76,4.3,,https://img.scryfall.com/cards/large/en/aer/185.jpg?1517813031,https://scryfall.com/card/aer/185/ajani-valiant-protector
370424,49054,MMA,219,R,Academy Ruins,"",0.0,Land,Zoltan Boros & Gabor Szikszai,24.98,40.55,14.92,0.57,https://img.scryfall.com/cards/large/en/mma/219.jpg?1517813031,https://scryfall.com/card/mma/219/academy-ruins
386537,54194,KTK,233,R,Flooded Strand,"",0.0,Land,Andreas Rocha,24.98,38.12,14.49,5.29,https://img.scryfall.com/cards/large/en/ktk/233.jpg?1535416226,https://scryfall.com/card/ktk/233/flooded-strand
456600,70081,UMA,4,M,"Emrakul, the Aeons Torn",{15},15.0,Creature,Mark Tedin,24.94,28.17,20.33,,https://img.scryfall.com/cards/large/front/0/e/0e0d989d-7186-40dc-bdfe-cfbb77656bc8.jpg?1547515266,https://scryfall.com/card/uma/4/emrakul-the-aeons-torn
414295,61068,EMN,6,M,"Emrakul, the Promised End",{13},13.0,Creature,Jaime Jones,24.5,50.44,14.39,0.91,https://img.scryfall.com/cards/large/en/emn/6.jpg?1517813031,https://scryfall.com/card/emn/6/emrakul-the-promised-end
461134,72020,WAR,207,M,"Nicol Bolas, Dragon-God",{U}{B}{B}{B}{R},5.0,Planeswalker,Raymond Swanland,24.25,63.0,15.27,4.87,https://img.scryfall.com/cards/large/front/9/8/98b68dea-a7be-4f99-8a50-4c8cf0e0f7a9.jpg?1555741310,https://scryfall.com/card/war/207/nicol-bolas-dragon-god
30008,19761,MRD,204,R,Mesmeric Orb,{2},2.0,Artifact,David Martin,23.97,46.62,11.01,0.59,https://img.scryfall.com/cards/large/en/mrd/204.jpg?1517813031,https://scryfall.com/card/mrd/204/mesmeric-orb
397793,57046,MM2,43,R,Cryptic Command,{1}{U}{U}{U},4.0,Instant,Wayne England,23.92,28.68,20.33,10.13,https://img.scryfall.com/cards/large/en/mm2/43.jpg?1517813031,https://scryfall.com/card/mm2/43/cryptic-command
214044,39315,MBS,46,M,Massacre Wurm,{3}{B}{B}{B},6.0,Creature,Jason Chan,23.47,38.43,15.06,0.66,https://img.scryfall.com/cards/large/en/mbs/46.jpg?1517813031,https://scryfall.com/card/mbs/46/massacre-wurm
151989,29591,SHM,126,R,Prismatic Omen,{1}{G},2.0,Enchantment,John Avon,23.4,68.89,10.99,0.53,https://img.scryfall.com/cards/large/en/shm/126.jpg?1517813031,https://scryfall.com/card/shm/126/prismatic-omen
180587,32356,ARB,117,M,"Karrthus, Tyrant of Jund",{4}{B}{R}{G},7.0,Creature,Dave Kendall,23.14,49.23,13.19,0.08,https://img.scryfall.com/cards/large/en/arb/117.jpg?1517813031,https://scryfall.com/card/arb/117/karrthus-tyrant-of-jund
439844,66827,RIX,180,M,The Immortal Sun,{6},6.0,Artifact,Kieran Yanner,22.28,42.25,16.25,2.51,https://img.scryfall.com/cards/large/front/a/d/adeccd88-8dc0-4cc1-943f-27d540d248bb.jpg?1555041035,https://scryfall.com/card/rix/180/the-immortal-sun
209408,38301,SOM,225,R,Copperline Gorge,"",0.0,Land,Zoltan Boros & Gabor Szikszai,22.2,28.93,13.35,0.81,https://img.scryfall.com/cards/large/en/som/225.jpg?1517813031,https://scryfall.com/card/som/225/copperline-gorge
204993,37344,M11,21,R,Leyline of Sanctity,{2}{W}{W},4.0,Enchantment,Ryan Pancoast,21.94,51.42,18.65,8.18,https://img.scryfall.com/cards/large/en/m11/21.jpg?1517813031,https://scryfall.com/card/m11/21/leyline-of-sanctity
397815,57206,MM2,6,M,"Ulamog, the Infinite Gyre",{11},11.0,Creature,Aleksi Briclot,21.93,33.12,12.84,1.85,https://img.scryfall.com/cards/large/en/mm2/6.jpg?1517813031,https://scryfall.com/card/mm2/6/ulamog-the-infinite-gyre
74206,22044,SOK,164,R,"Oboro, Palace in the Clouds","",0.0,Land,Rob Alexander,21.9,110.35,10.73,0.67,https://img.scryfall.com/cards/large/en/sok/164.jpg?1517813031,https://scryfall.com/card/sok/164/oboro-palace-in-the-clouds
205008,37368,M11,61,R,Leyline of Anticipation,{2}{U}{U},4.0,Enchantment,Charles Urbach,21.63,36.43,10.49,0.2,https://img.scryfall.com/cards/large/en/m11/61.jpg?1517813031,https://scryfall.com/card/m11/61/leyline-of-anticipation
146746,29493,SHM,277,R,Mystic Gate,"",0.0,Land,Fred Fields,21.47,31.31,11.08,0.09,https://img.scryfall.com/cards/large/en/shm/277.jpg?1535415595,https://scryfall.com/card/shm/277/mystic-gate
240134,44049,AVR,102,R,Exquisite Blood,{4}{B},5.0,Enchantment,Cynthia Sheppard,21.44,24.54,13.29,0.09,https://img.scryfall.com/cards/large/en/avr/102.jpg?1517813031,https://scryfall.com/card/avr/102/exquisite-blood
140166,28433,LRW,262,R,Thorn of Amethyst,{2},2.0,Artifact,Chuck Lukacs,21.37,78.97,9.41,0.21,https://img.scryfall.com/cards/large/en/lrw/262.jpg?1517813031,https://scryfall.com/card/lrw/262/thorn-of-amethyst
49440,20217,MRD,169,R,Extraplanar Lens,{3},3.0,Artifact,Lars Grant-West,21.36,37.07,9.05,0.32,https://img.scryfall.com/cards/large/en/mrd/169.jpg?1517813031,https://scryfall.com/card/mrd/169/extraplanar-lens
146762,29509,SHM,81,R,Wound Reflection,{5}{B},6.0,Enchantment,Terese Nielsen & Ron Spencer,21.36,43.41,9.54,0.01,https://img.scryfall.com/cards/large/en/shm/81.jpg?1517813031,https://scryfall.com/card/shm/81/wound-reflection
50253,20977,CHK,124,R,Marrow-Gnawer,{3}{B}{B},5.0,Creature,Wayne Reynolds,21.34,51.96,5.89,0.02,https://img.scryfall.com/cards/large/en/chk/124.jpg?1517813031,https://scryfall.com/card/chk/124/marrow-gnawer
122123,24823,CSP,78,R,Braid of Fire,{1}{R},2.0,Enchantment,Cyril Van Der Haegen,21.31,42.98,7.34,0.16,https://img.scryfall.com/cards/large/en/csp/78.jpg?1517813031,https://scryfall.com/card/csp/78/braid-of-fire
391883,55410,FRF,20,M,Monastery Mentor,{2}{W},3.0,Creature,Magali Villeneuve,20.9,39.23,9.69,5.82,https://img.scryfall.com/cards/large/en/frf/20.jpg?1517813031,https://scryfall.com/card/frf/20/monastery-mentor
370636,49465,M14,111,M,Rise of the Dark Realms,{7}{B}{B},9.0,Sorcery,Michael Komarck,20.51,24.78,14.41,1.35,https://img.scryfall.com/cards/large/en/m14/111.jpg?1517813031,https://scryfall.com/card/m14/111/rise-of-the-dark-realms
179547,32276,ARB,8,R,Meddling Mage,{W}{U},2.0,Creature,Todd Lockwood,20.38,42.43,10.86,0.96,https://img.scryfall.com/cards/large/en/arb/8.jpg?1517813031,https://scryfall.com/card/arb/8/meddling-mage
279712,45224,M13,200,M,Akroma's Memorial,{7},7.0,Artifact,Dan Scott,20.18,31.47,11.68,0.11,https://img.scryfall.com/cards/large/en/m13/200.jpg?1517813031,https://scryfall.com/card/m13/200/akromas-memorial
136047,26822,FUT,173,U,Tolaria West,"",0.0,Land,Khang Le,19.99,36.74,6.46,3.05,https://img.scryfall.com/cards/large/en/fut/173.jpg?1530718954,https://scryfall.com/card/fut/173/tolaria-west
240070,43979,AVR,79,M,"Tamiyo, the Moon Sage",{3}{U}{U},5.0,Planeswalker,Eric Deschamps,19.97,50.0,12.88,0.38,https://img.scryfall.com/cards/large/en/avr/79.jpg?1517813031,https://scryfall.com/card/avr/79/tamiyo-the-moon-sage
389477,55043,C14,104,R,Cyclonic Rift,{1}{U},2.0,Instant,Chris Rahn,19.96,,13.22,0.38,https://img.scryfall.com/cards/large/en/c14/104.jpg?1530677597,https://scryfall.com/card/c14/104/cyclonic-rift
450253,68145,M19,306,M,Nexus of Fate,{5}{U}{U},7.0,Instant,Mike Bierek,,19.39,7.12,13.63,https://img.scryfall.com/cards/large/en/m19/306.jpg?1550201557,https://scryfall.com/card/m19/306/nexus-of-fate
146747,29495,SHM,281,R,Wooded Bastion,"",0.0,Land,Christopher Moeller,19.36,22.93,7.55,0.04,https://img.scryfall.com/cards/large/en/shm/281.jpg?1535415597,https://scryfall.com/card/shm/281/wooded-bastion
170987,34374,ZEN,126,R,Goblin Guide,{R},1.0,Creature — Goblin Scout,Warren Mahy,19.24,32.45,14.91,1.98,https://img.scryfall.com/cards/large/en/zen/126.jpg?1517813031,https://scryfall.com/card/zen/126/goblin-guide
456823,70049,UMA,227,R,Engineered Explosives,{X},0.0,Artifact,Lars Grant-West,19.2,29.46,18.26,29.39,https://img.scryfall.com/cards/large/front/f/1/f1e2b69e-b06b-46a5-ac57-a6a180eeecc7.jpg?1547518428,https://scryfall.com/card/uma/227/engineered-explosives
291507,46259,V12,2,M,"Boseiju, Who Shelters All","",0.0,Land,Ralph Horsley,,19.15,9.27,,https://img.scryfall.com/cards/large/front/e/0/e01b7141-9576-445b-bcd4-00d79850a4dd.jpg?1539108811,https://scryfall.com/card/v12/2/boseiju-who-shelters-all
460980,71712,WAR,53,M,God-Eternal Kefnet,{2}{U}{U},4.0,Creature — Zombie God,Lius Lasahido,18.86,31.64,9.46,13.03,https://img.scryfall.com/cards/large/front/5/e/5e14060f-9167-4e28-a053-77689e066e30.jpg?1555740489,https://scryfall.com/card/war/53/god-eternal-kefnet
77924,21185,CHK,277,R,Hall of the Bandit Lord,"",0.0,Land,Paolo Parente,18.86,45.17,7.11,0.39,https://img.scryfall.com/cards/large/en/chk/277.jpg?1517813031,https://scryfall.com/card/chk/277/hall-of-the-bandit-lord
193490,36450,ROE,91,R,Training Grounds,{U},1.0,Enchantment,James Ryman,18.8,25.39,11.03,0.38,https://img.scryfall.com/cards/large/en/roe/91.jpg?1530592355,https://scryfall.com/card/roe/91/training-grounds
370432,48860,MMA,170,R,Tooth and Nail,{5}{G}{G},7.0,Sorcery,Jesper Ejsing,18.74,27.8,10.73,0.37,https://img.scryfall.com/cards/large/en/mma/170.jpg?1517813031,https://scryfall.com/card/mma/170/tooth-and-nail
45279,19179,8ED,64,R,Bribery,{3}{U}{U},5.0,Sorcery,Andrew Robinson,18.7,35.09,9.02,0.48,https://img.scryfall.com/cards/large/en/8ed/64.jpg?1517813031,https://scryfall.com/card/8ed/64/bribery
398434,57880,ORI,60,M,"Jace, Vryn's Prodigy // Jace, Telepath Unbound",{1}{U},2.0,Creature — Human Wizard // Planeswalker — Jace,Jaime Jones,18.69,31.34,13.95,7.17,https://img.scryfall.com/cards/large/en/ori/60a.jpg?1527690191,https://scryfall.com/card/ori/60/jace-vryns-prodigy-jace-telepath-unbound
205337,44718,HOP,111,R,Darksteel Forge,{9},9.0,Artifact,Martina Pilcerova,18.64,,,1.05,https://img.scryfall.com/cards/large/en/hop/111.jpg?1517813031,https://scryfall.com/card/hop/111/darksteel-forge
124220,25895,TSP,255,R,Gauntlet of Power,{5},5.0,Artifact,Greg Hildebrandt,18.59,35.11,8.28,0.01,https://img.scryfall.com/cards/large/en/tsp/255.jpg?1517813031,https://scryfall.com/card/tsp/255/gauntlet-of-power
116742,25763,TSP,120,R,Nether Traitor,{B}{B},2.0,Creature — Spirit,Vance Kovacs,18.59,17.14,7.21,0.02,https://img.scryfall.com/cards/large/en/tsp/120.jpg?1517813031,https://scryfall.com/card/tsp/120/nether-traitor
397880,57312,MM2,16,M,"Elesh Norn, Grand Cenobite",{5}{W}{W},7.0,Creature — Praetor,Igor Kieryluk,18.55,21.7,12.09,0.64,https://img.scryfall.com/cards/large/en/mm2/16.jpg?1517813031,https://scryfall.com/card/mm2/16/elesh-norn-grand-cenobite
193660,36656,ROE,33,M,"Linvala, Keeper of Silence",{2}{W}{W},4.0,Creature — Angel,Igor Kieryluk,18.52,86.92,10.18,0.24,https://img.scryfall.com/cards/large/en/roe/33.jpg?1530592083,https://scryfall.com/card/roe/33/linvala-keeper-of-silence
214368,39730,NPH,161,M,Sword of War and Peace,{3},3.0,Artifact — Equipment,Chris Rahn,18.29,30.23,11.62,1.58,https://img.scryfall.com/cards/large/en/nph/161.jpg?1517813031,https://scryfall.com/card/nph/161/sword-of-war-and-peace
150992,29950,EVE,68,R,Helix Pinnacle,{G},1.0,Enchantment,Dan Scott,17.65,25.88,7.48,0.11,https://img.scryfall.com/cards/large/en/eve/68.jpg?1517813031,https://scryfall.com/card/eve/68/helix-pinnacle
457327,71366,RNA,183,M,Hydroid Krasis,{X}{G}{U},2.0,Creature — Jellyfish Hydra Beast,Jason Felix,17.61,30.05,14.58,14.62,https://img.scryfall.com/cards/large/front/8/0/801dd9c6-b159-4e1c-af2c-214c1f573633.jpg?1549414847,https://scryfall.com/card/rna/183/hydroid-krasis
214063,39537,MBS,21,M,Consecrated Sphinx,{4}{U}{U},6.0,Creature — Sphinx,Mark Zug,17.53,32.84,9.37,0.78,https://img.scryfall.com/cards/large/en/mbs/21.jpg?1517813031,https://scryfall.com/card/mbs/21/consecrated-sphinx
407596,59417,OGW,86,M,"Kalitas, Traitor of Ghet",{2}{B}{B},4.0,Creature — Vampire Warrior,Todd Lockwood,17.53,31.19,12.69,3.56,https://img.scryfall.com/cards/large/en/ogw/86.jpg?1517813031,https://scryfall.com/card/ogw/86/kalitas-traitor-of-ghet
212252,38351,SOM,145,R,Contagion Engine,{6},6.0,Artifact,Daarken,17.47,24.3,7.08,0.02,https://img.scryfall.com/cards/large/en/som/145.jpg?1517813031,https://scryfall.com/card/som/145/contagion-engine
370420,49016,MMA,176,R,Grand Arbiter Augustin IV,{2}{W}{U},4.0,Creature — Human Advisor,Zoltan Boros & Gabor Szikszai,17.33,25.31,10.05,0.04,https://img.scryfall.com/cards/large/en/mma/176.jpg?1517813031,https://scryfall.com/card/mma/176/grand-arbiter-augustin-iv
442889,67467,DOM,1,M,"Karn, Scion of Urza",{4},4.0,Planeswalker — Karn,Chase Stone,17.31,39.11,15.41,3.75,https://img.scryfall.com/cards/large/en/dom/1.jpg?1524789999,https://scryfall.com/card/dom/1/karn-scion-of-urza
213731,39329,MBS,145,R,Inkmoth Nexus,"",0.0,Land,Jung Park,17.15,48.42,10.94,3.44,https://img.scryfall.com/cards/large/en/mbs/145.jpg?1517813031,https://scryfall.com/card/mbs/145/inkmoth-nexus
80527,21373,CHK,230,R,Nature's Will,{2}{G}{G},4.0,Enchantment,Mitch Cotie,17.15,30.4,5.41,0.02,https://img.scryfall.com/cards/large/en/chk/230.jpg?1517813031,https://scryfall.com/card/chk/230/natures-will
5174,10293,STH,34,R,Intruder Alarm,{2}{U},3.0,Enchantment,Donato Giancola,17.13,,8.63,0.58,https://img.scryfall.com/cards/large/en/sth/34.jpg?1517813031,https://scryfall.com/card/sth/34/intruder-alarm
151979,29587,SHM,140,R,Enchanted Evening,{3}{W/U}{W/U},5.0,Enchantment,Rebecca Guay,17.12,39.2,7.71,0.01,https://img.scryfall.com/cards/large/en/shm/140.jpg?1517813031,https://scryfall.com/card/shm/140/enchanted-evening
425889,63213,MM3,64,R,Death's Shadow,{B},1.0,Creature — Avatar,Howard Lyon,17.06,30.76,16.48,3.62,https://img.scryfall.com/cards/large/en/mm3/64.jpg?1517813031,https://scryfall.com/card/mm3/64/deaths-shadow
460940,71632,WAR,13,M,Gideon Blackblade,{1}{W}{W},3.0,Planeswalker — Gideon,Viktor Titov,17.05,27.95,13.11,5.53,https://img.scryfall.com/cards/large/front/3/9/39d51c5e-26cb-4276-a676-fabfef866248.jpg?1555740284,https://scryfall.com/card/war/13/gideon-blackblade
153968,29653,SHM,211,C,Manamorphose,{1}{R/G},2.0,Instant,Jeff Miracola,17.01,44.1,9.89,3.21,https://img.scryfall.com/cards/large/en/shm/211.jpg?1517813031,https://scryfall.com/card/shm/211/manamorphose
397824,57380,MM2,67,M,Vendilion Clique,{1}{U}{U},3.0,Creature — Faerie Wizard,Willian Murai,17.01,28.31,16.35,6.74,https://img.scryfall.com/cards/large/en/mm2/67.jpg?1517813031,https://scryfall.com/card/mm2/67/vendilion-clique
84359,21940,SOK,19,R,"Michiko Konda, Truth Seeker",{3}{W},4.0,Creature — Human Advisor,Christopher Moeller,17.0,26.46,7.94,0.02,https://img.scryfall.com/cards/large/en/sok/19.jpg?1517813031,https://scryfall.com/card/sok/19/michiko-konda-truth-seeker
197759,35523,WWK,109,M,"Omnath, Locus of Mana",{2}{G},3.0,Creature — Elemental,Mike Bierek,16.97,36.52,7.25,0.76,https://img.scryfall.com/cards/large/en/wwk/109.jpg?1530592652,https://scryfall.com/card/wwk/109/omnath-locus-of-mana
438648,66043,IMA,82,R,Bloodghast,{B}{B},2.0,Creature — Vampire Spirit,Daarken,16.95,23.33,14.37,9.63,https://img.scryfall.com/cards/large/en/ima/82.jpg?1530592021,https://scryfall.com/card/ima/82/bloodghast
218002,39792,NPH,127,M,"Vorinclex, Voice of Hunger",{6}{G}{G},8.0,Creature — Praetor,Karl Kopinski,16.89,35.65,8.96,0.47,https://img.scryfall.com/cards/large/en/nph/127.jpg?1517813031,https://scryfall.com/card/nph/127/vorinclex-voice-of-hunger
378528,51745,BNG,156,M,"Xenagos, God of Revels",{3}{R}{G},5.0,Enchantment Creature — God,Jason Chan,16.83,50.88,9.33,0.57,https://img.scryfall.com/cards/large/en/bng/156.jpg?1517813031,https://scryfall.com/card/bng/156/xenagos-god-of-revels
214386,39754,NPH,68,M,Phyrexian Obliterator,{B}{B}{B}{B},4.0,Creature — Horror,Todd Lockwood,16.81,36.5,15.43,7.47,https://img.scryfall.com/cards/large/en/nph/68.jpg?1517813031,https://scryfall.com/card/nph/68/phyrexian-obliterator
4592,9411,WTH,164,U,Gemstone Mine,"",0.0,Land,Brom,16.76,,7.41,18.75,https://img.scryfall.com/cards/large/en/wth/164.jpg?1517813031,https://scryfall.com/card/wth/164/gemstone-mine
51136,20794,5DN,137,R,Mycosynth Golem,{11},11.0,Artifact Creature — Golem,Paolo Parente,16.7,23.98,6.51,0.08,https://img.scryfall.com/cards/large/en/5dn/137.jpg?1517813031,https://scryfall.com/card/5dn/137/mycosynth-golem
51135,20792,5DN,116,R,Doubling Cube,{2},2.0,Artifact,Mark Tedin,16.64,33.73,6.12,0.01,https://img.scryfall.com/cards/large/en/5dn/116.jpg?1517813031,https://scryfall.com/card/5dn/116/doubling-cube
89089,23486,RAV,257,R,Cloudstone Curio,{3},3.0,Artifact,Heather Hudson,16.61,24.21,5.97,0.02,https://img.scryfall.com/cards/large/en/rav/257.jpg?1517813031,https://scryfall.com/card/rav/257/cloudstone-curio
394519,56314,DTK,177,R,Collected Company,{3}{G},4.0,Instant,Franz Vohwinkel,16.6,44.91,15.3,5.27,https://img.scryfall.com/cards/large/en/dtk/177.jpg?1517813031,https://scryfall.com/card/dtk/177/collected-company
447366,68621,M19,229,M,Crucible of Worlds,{3},3.0,Artifact,Ron Spencer,16.6,25.63,9.4,0.96,https://img.scryfall.com/cards/large/en/m19/229.jpg?1531451273,https://scryfall.com/card/m19/229/crucible-of-worlds
249896,43291,DKA,70,M,"Mikaeus, the Unhallowed",{3}{B}{B}{B},6.0,Creature — Zombie Cleric,Chris Rahn,16.53,57.73,13.48,1.03,https://img.scryfall.com/cards/large/front/8/0/801b124d-3546-4882-a6e1-c9c353628a18.jpg?1545407394,https://scryfall.com/card/dka/70/mikaeus-the-unhallowed
146753,29501,SHM,271,R,Fire-Lit Thicket,"",0.0,Land,Ralph Horsley,16.48,23.28,6.93,0.14,https://img.scryfall.com/cards/large/en/shm/271.jpg?1535415607,https://scryfall.com/card/shm/271/fire-lit-thicket
185136,31871,CON,115,M,Maelstrom Archangel,{W}{U}{B}{R}{G},5.0,Creature — Angel,Cyril Van Der Haegen,16.38,24.94,6.55,0.32,https://img.scryfall.com/cards/large/en/con/115.jpg?1517813031,https://scryfall.com/card/con/115/maelstrom-archangel
383251,53564,M15,210,M,"Garruk, Apex Predator",{5}{B}{G},7.0,Planeswalker — Garruk,Tyler Jacobson,16.36,27.5,9.77,0.67,https://img.scryfall.com/cards/large/en/m15/210.jpg?1517813031,https://scryfall.com/card/m15/210/garruk-apex-predator
205377,44418,HOP,97,R,Balefire Liege,{2}{R/W}{R/W}{R/W},5.0,Creature — Spirit Horror,Ralph Horsley,16.28,,,3.59,https://img.scryfall.com/cards/large/en/hop/97.jpg?1517813031,https://scryfall.com/card/hop/97/balefire-liege
136196,26882,FUT,174,U,Dryad Arbor,"",0.0,Land Creature — Forest Dryad,Eric Fortune,16.23,75.81,6.28,0.34,https://img.scryfall.com/cards/large/en/fut/174.jpg?1517813031,https://scryfall.com/card/fut/174/dryad-arbor
452841,69555,GRN,91,M,Arclight Phoenix,{3}{R},4.0,Creature — Phoenix,Slawomir Maniak,16.19,55.83,14.74,33.98,https://img.scryfall.com/cards/large/front/7/8/787de9ce-02c5-4a17-a88b-d38e83dbeb0b.jpg?1544123471,https://scryfall.com/card/grn/91/arclight-phoenix
370354,48644,MMA,56,R,Pact of Negation,{0},0.0,Instant,Jason Chan,16.17,21.6,9.21,4.86,https://img.scryfall.com/cards/large/en/mma/56.jpg?1517813031,https://scryfall.com/card/mma/56/pact-of-negation
214065,39301,MBS,97,M,"Tezzeret, Agent of Bolas",{2}{U}{B},4.0,Planeswalker — Tezzeret,Aleksi Briclot,15.88,74.21,13.3,1.72,https://img.scryfall.com/cards/large/en/mbs/97.jpg?1517813031,https://scryfall.com/card/mbs/97/tezzeret-agent-of-bolas
447344,68577,M19,208,M,Vivien Reid,{3}{G}{G},5.0,Planeswalker — Vivien,Anna Steinbauer,15.88,27.59,12.27,2.48,https://img.scryfall.com/cards/large/en/m19/208.jpg?1531451082,https://scryfall.com/card/m19/208/vivien-reid
239995,44125,AVR,106,M,Griselbrand,{4}{B}{B}{B}{B},8.0,Creature — Demon,Igor Kieryluk,15.79,29.11,12.47,6.82,https://img.scryfall.com/cards/large/en/avr/106.jpg?1517813031,https://scryfall.com/card/avr/106/griselbrand
179540,32266,ARB,130,M,Maelstrom Nexus,{W}{U}{B}{R}{G},5.0,Enchantment,Steven Belledin,15.76,29.96,9.29,0.38,https://img.scryfall.com/cards/large/en/arb/130.jpg?1517813031,https://scryfall.com/card/arb/130/maelstrom-nexus
430834,64774,HOU,145,M,The Scarab God,{3}{U}{B},5.0,Creature — God,Lius Lasahido,15.73,26.35,10.06,0.46,https://img.scryfall.com/cards/large/en/hou/145.jpg?1517813031,https://scryfall.com/card/hou/145/the-scarab-god
398564,58126,ORI,221,M,Alhammarret's Archive,{5},5.0,Artifact,Richard Wright,15.6,22.76,8.78,1.11,https://img.scryfall.com/cards/large/en/ori/221.jpg?1517813031,https://scryfall.com/card/ori/221/alhammarrets-archive
457330,71372,RNA,186,M,"Kaya, Orzhov Usurper",{1}{W}{B},3.0,Planeswalker — Kaya,Yongjae Choi,15.43,35.17,11.15,33.82,https://img.scryfall.com/cards/large/front/f/d/fdb4b2ef-5196-4f7f-88ff-64b2cdb36c6b.jpg?1549414863,https://scryfall.com/card/rna/186/kaya-orzhov-usurper
386725,54202,KTK,248,R,Windswept Heath,"",0.0,Land,Yeong-Hao Han,15.35,32.46,10.64,3.82,https://img.scryfall.com/cards/large/en/ktk/248.jpg?1535416224,https://scryfall.com/card/ktk/248/windswept-heath
,,PGPX,2014,M,Batterskull,{5},5.0,Artifact — Equipment,Igor Kieryluk,,15.22,12.82,,https://img.scryfall.com/cards/large/en/pgpx/2014.jpg?1517813031,https://scryfall.com/card/pgpx/2014/batterskull
45386,19587,8ED,178,R,Blood Moon,{2}{R},3.0,Enchantment,Franz Vohwinkel,15.19,119.97,14.98,8.63,https://img.scryfall.com/cards/large/en/8ed/178.jpg?1517813031,https://scryfall.com/card/8ed/178/blood-moon
443112,67913,DOM,224,M,Mox Amber,{0},0.0,Artifact,Steven Belledin,15.13,37.42,9.67,0.71,https://img.scryfall.com/cards/large/en/dom/224.jpg?1524792252,https://scryfall.com/card/dom/224/mox-amber
205012,37374,M11,97,M,Grave Titan,{4}{B}{B},6.0,Creature — Giant,Nils Hamm,14.96,26.52,8.54,1.57,https://img.scryfall.com/cards/large/en/m11/97.jpg?1517813031,https://scryfall.com/card/m11/97/grave-titan
380453,52120,JOU,163,R,Mana Confluence,"",0.0,Land,Richard Wright,14.93,23.32,9.64,4.54,https://img.scryfall.com/cards/large/en/jou/163.jpg?1517813031,https://scryfall.com/card/jou/163/mana-confluence
29933,16861,ODY,108,R,Time Stretch,{8}{U}{U},10.0,Sorcery,Paolo Parente,14.9,35.43,7.05,0.04,https://img.scryfall.com/cards/large/en/ody/108.jpg?1517813031,https://scryfall.com/card/ody/108/time-stretch
146766,29513,SHM,74,R,Polluted Bonds,{3}{B}{B},5.0,Enchantment,Michael Sutfin,14.83,28.32,4.41,0.02,https://img.scryfall.com/cards/large/en/shm/74.jpg?1517813031,https://scryfall.com/card/shm/74/polluted-bonds
414380,61144,EMN,85,R,Collective Brutality,{1}{B},2.0,Sorcery,Johann Bodin,14.77,34.98,14.76,7.43,https://img.scryfall.com/cards/large/en/emn/85.jpg?1517813031,https://scryfall.com/card/emn/85/collective-brutality
401633,58928,V15,6,M,Baneslayer Angel,{3}{W}{W},5.0,Creature — Angel,Greg Staples,,14.74,7.36,,https://img.scryfall.com/cards/large/en/v15/6.jpg?1517813031,https://scryfall.com/card/v15/6/baneslayer-angel
249662,42790,ISD,199,R,Parallel Lives,{3}{G},4.0,Enchantment,Steve Prescott,14.7,19.33,7.69,0.02,https://img.scryfall.com/cards/large/front/0/1/01033dae-fec1-41f2-b7f2-cc6a43331790.jpg?1545408747,https://scryfall.com/card/isd/199/parallel-lives
190400,34604,ZEN,228,R,"Valakut, the Molten Pinnacle","",0.0,Land,Kieran Yanner,14.7,24.55,8.47,0.42,https://img.scryfall.com/cards/large/en/zen/228.jpg?1517813031,https://scryfall.com/card/zen/228/valakut-the-molten-pinnacle
135221,27230,10E,208,U,Goblin Lore,{1}{R},2.0,Sorcery,D. Alexander Gregory,14.49,52.66,9.47,0.44,https://img.scryfall.com/cards/large/en/10e/208.jpg?1517813031,https://scryfall.com/card/10e/208/goblin-lore
435226,65160,XLN,74,R,"Search for Azcanta // Azcanta, the Sunken Ruin",{1}{U},2.0,Enchantment // Land,Magali Villeneuve,14.49,29.78,13.53,2.69,https://img.scryfall.com/cards/large/en/xln/74a.jpg?1527428520,https://scryfall.com/card/xln/74/search-for-azcanta-azcanta-the-sunken-ruin
